[
  {
    "state": "Alabama",
    "marriages": 7,
    "divorces": 3.7,
    "population": 4627851
  },
  {
    "state": "Alaska",
    "marriages": 6.9,
    "divorces": 3.6,
    "population": 686293
  },
  {
    "state": "Arizona",
    "marriages": 5.8,
    "divorces": 2.5,
    "population": 6500180
  },
  {
    "state": "Arkansas",
    "marriages": 10.2,
    "divorces": 5.7,
    "population": 2855390
  },
  {
    "state": "California",
    "marriages": 8.1,
    "divorces": 4.1,
    "population": 36756666
  },
  {
    "state": "Colorado",
    "marriages": 12.1,
    "divorces": 3.2,
    "population": 4861515
  },
  {
    "state": "Connecticut",
    "marriages": 7,
    "divorces": 3.2,
    "population": 3501252
  },
  {
    "state": "Delaware",
    "marriages": 5.5,
    "divorces": 1.9,
    "population": 873092
  },
  {
    "state": "Florida",
    "marriages": 7.8,
    "divorces": 3.6,
    "population": 18328340
  },
  {
    "state": "Georgia",
    "marriages": 15.1,
    "divorces": 5.2,
    "population": 9685744
  },
  {
    "state": "Hawaii",
    "marriages": 12.5,
    "divorces": 6,
    "population": 1288198
  },
  {
    "state": "Idaho",
    "marriages": 15.7,
    "divorces": 7.1,
    "population": 1523816
  },
  {
    "state": "Illinois",
    "marriages": 6.4,
    "divorces": 1.9,
    "population": 12901563
  },
  {
    "state": "Indiana",
    "marriages": 6.9,
    "divorces": 4.9,
    "population": 6376792
  },
  {
    "state": "Iowa",
    "marriages": 8.5,
    "divorces": 2,
    "population": 3002555
  },
  {
    "state": "Kansas",
    "marriages": 8.1,
    "divorces": 1.3,
    "population": 2802134
  },
  {
    "state": "Kentucky",
    "marriages": 9.2,
    "divorces": 7.1,
    "population": 4269245
  },
  {
    "state": "Louisiana",
    "marriages": 7.1,
    "divorces": 1.8,
    "population": 4410796
  },
  {
    "state": "Maine",
    "marriages": 9.6,
    "divorces": 4.2,
    "population": 1316456
  },
  {
    "state": "Maryland",
    "marriages": 6.3,
    "divorces": 3.5,
    "population": 5633597
  },
  {
    "state": "Massachusetts",
    "marriages": 13.1,
    "divorces": 8,
    "population": 6497967
  },
  {
    "state": "Michigan",
    "marriages": 8.1,
    "divorces": 2.9,
    "population": 10003422
  },
  {
    "state": "Minnesota",
    "marriages": 9.5,
    "divorces": 4.9,
    "population": 5220393
  },
  {
    "state": "Mississippi",
    "marriages": 6.7,
    "divorces": 2.9,
    "population": 2938618
  },
  {
    "state": "Missouri",
    "marriages": 16.6,
    "divorces": 3.1,
    "population": 5911605
  },
  {
    "state": "Montana",
    "marriages": 15,
    "divorces": 9.1,
    "population": 967440
  },
  {
    "state": "Nebraska",
    "marriages": 13.3,
    "divorces": 1.2,
    "population": 1783432
  },
  {
    "state": "Nevada",
    "marriages": 21.2,
    "divorces": 8.5,
    "population": 2600167
  },
  {
    "state": "New Hampshire",
    "marriages": 11.8,
    "divorces": 7.1,
    "population": 1315809
  },
  {
    "state": "New Jersey",
    "marriages": 15.1,
    "divorces": 7.4,
    "population": 8682661
  },
  {
    "state": "New Mexico",
    "marriages": 3.1,
    "divorces": 4.8,
    "population": 1984356
  },
  {
    "state": "New York",
    "marriages": 17.3,
    "divorces": 9.1,
    "population": 19490297
  },
  {
    "state": "North Carolina",
    "marriages": 13.1,
    "divorces": 1.6,
    "population": 9222414
  },
  {
    "state": "North Dakota",
    "marriages": 5.8,
    "divorces": 2.5,
    "population": 641481
  },
  {
    "state": "Ohio",
    "marriages": 18.9,
    "divorces": 7.9,
    "population": 11485910
  },
  {
    "state": "Oklahoma",
    "marriages": 9.1,
    "divorces": 4.1,
    "population": 3642361
  },
  {
    "state": "Oregon",
    "marriages": 7,
    "divorces": 3.4,
    "population": 3790060
  },
  {
    "state": "Pennsylvania",
    "marriages": 9.1,
    "divorces": 2.6,
    "population": 12448279
  },
  {
    "state": "Rhode Island",
    "marriages": 6.8,
    "divorces": 2.9,
    "population": 1050788
  },
  {
    "state": "South Carolina",
    "marriages": 16,
    "divorces": 2.6,
    "population": 4479800
  },
  {
    "state": "South Dakota",
    "marriages": 6.7,
    "divorces": 2.7,
    "population": 804194
  },
  {
    "state": "Tennessee",
    "marriages": 18.1,
    "divorces": 1.6,
    "population": 6214888
  },
  {
    "state": "Texas",
    "marriages": 7.1,
    "divorces": 0.8,
    "population": 24326974
  },
  {
    "state": "Utah",
    "marriages": 19.4,
    "divorces": 3.4,
    "population": 2736424
  },
  {
    "state": "Vermont",
    "marriages": 14.1,
    "divorces": 4.1,
    "population": 621270
  },
  {
    "state": "Virginia",
    "marriages": 10,
    "divorces": 3,
    "population": 7769089
  },
  {
    "state": "Washington",
    "marriages": 6.2,
    "divorces": 3.4,
    "population": 6549224
  },
  {
    "state": "West Virginia",
    "marriages": 8.3,
    "divorces": 3.5,
    "population": 1814468
  },
  {
    "state": "Wisconsin",
    "marriages": 7.9,
    "divorces": 2.4,
    "population": 5627967
  },
  {
    "state": "Wyoming",
    "marriages": 9.5,
    "divorces": 4,
    "population": 532668
  }
]