<?xml version="1.0" encoding="UTF-8"?>
<nwinddataset>
	<products>
		<productid>1</productid>
		<productname>Chai</productname>
		<supplierid>1</supplierid>
		<categoryid>1</categoryid>
		<quantityperunit>10 boxes x 20 bags</quantityperunit>
		<unitprice>18.0000</unitprice>
		<unitsinstock>39</unitsinstock>
		<unitsonorder>0</unitsonorder>
		<reorderlevel>10</reorderlevel>
		<discontinued>false</discontinued>
	</products>
	<products>
		<productid>2</productid>
		<productname>Chang</productname>
		<supplierid>1</supplierid>
		<categoryid>1</categoryid>
		<quantityperunit>24 - 12 oz bottles</quantityperunit>
		<unitprice>19.0000</unitprice>
		<unitsinstock>17</unitsinstock>
		<unitsonorder>40</unitsonorder>
		<reorderlevel>25</reorderlevel>
		<discontinued>false</discontinued>
	</products>
		<products>
		<productid>3</productid>
		<productname>Aniseed Syrup</productname>
		<supplierid>1</supplierid>
		<categoryid>2</categoryid>
		<quantityperunit>12 - 550 ml bottles</quantityperunit>
		<unitprice>10.0000</unitprice>
		<unitsinstock>13</unitsinstock>
		<unitsonorder>70</unitsonorder>
		<reorderlevel>25</reorderlevel>
		<discontinued>false</discontinued>
	</products>
	<products>
		<productid>4</productid>
		<productname>Chef Anton's Cajun Seasoning</productname>
		<supplierid>2</supplierid>
		<categoryid>2</categoryid>
		<quantityperunit>48 - 6 oz jars</quantityperunit>
		<unitprice>22.0000</unitprice>
		<unitsinstock>53</unitsinstock>
		<unitsonorder>0</unitsonorder>
		<reorderlevel>0</reorderlevel>
		<discontinued>false</discontinued>
	</products>
</nwinddataset>