[
  {
    "name": "default",
    "title": "Default",
    "primary": "#ff6358",
    "swatches": [
      {
        "name": "default-ocean-blue",
        "title": "Ocean Blue",
        "palette": [
          "#ffffff",
          "#f5f5f5",
          "#1274AC",
          "#0f6190",
          "#424242"
        ]
      },
      {
        "name": "default-ocean-blue-a11y",
        "title": "Ocean Blue A11Y",
        "icon": "a11y",
        "palette": [
          "#ffffff",
          "#f5f5f5",
          "#1274AC",
          "#0f6190",
          "#424242"
        ]
      },
      {
        "name": "default-main",
        "title": "Main",
        "palette": [
          "#ffffff",
          "#f5f5f5",
          "#ff6358",
          "#d6534a",
          "#424242"
        ]
      },
      {
        "name": "default-main-dark",
        "title": "Main Dark",
        "icon": "moon",
        "palette": [
          "#000000",
          "#151515",
          "#ff6358",
          "#eb5b51",
          "#ffffff"
        ]
      },
      {
        "name": "default-purple",
        "title": "Purple",
        "palette": [
          "#ffffff",
          "#f5f5f5",
          "#bf70cc",
          "#a05eab",
          "#424242"
        ]
      },
      {
        "name": "default-turquoise",
        "title": "Turquoise",
        "palette": [
          "#ffffff",
          "#f5f5f5",
          "#28bfba",
          "#22a09c",
          "#424242"
        ]
      },
      {
        "name": "default-nordic",
        "title": "Nordic",
        "palette": [
          "#ffffff",
          "#50686e",
          "#01a8c1",
          "#006989",
          "#e7607b"
        ]
      }
    ]
  },
  {
    "name": "bootstrap",
    "title": "Bootstrap",
    "primary": "#0d6efd",
    "swatches": [
      {
        "name": "bootstrap-main",
        "title": "Main",
        "palette": [
          "#ffffff",
          "#f8f9fa",
          "#0d6efd",
          "#0a58ca",
          "#212529"
        ]
      },
      {
        "name": "bootstrap-main-dark",
        "title": "Main Dark",
        "icon": "moon",
        "palette": [
          "#000000",
          "#212529",
          "#0d6efd",
          "#0a58ca",
          "#ffffff"
        ]
      },
      {
        "name": "bootstrap-urban",
        "title": "Urban",
        "palette": [
          "#ffffff",
          "#e3eef4",
          "#ff5c1a",
          "#e65317",
          "#000000"
        ]
      },
      {
        "name": "bootstrap-nordic",
        "title": "Nordic",
        "palette": [
          "#ffffff",
          "#f8f9fa",
          "#e7607b",
          "#da2146",
          "#50686e"
        ]
      },
      {
        "name": "bootstrap-turquoise",
        "title": "Turquoise",
        "palette": [
          "#ffffff",
          "#f2f2f2",
          "#e6e6e6",
          "#34d293",
          "#292b2c"
        ]
      },
      {
        "name": "bootstrap-turquoise-dark",
        "title": "Turquoise Dark",
        "icon": "moon",
        "palette": [
          "#000000",
          "#292b2c",
          "#10c4b2",
          "#0c9587",
          "#ffffff"
        ]
      },
      {
        "name": "bootstrap-vintage",
        "title": "Vintage",
        "palette": [
          "#ffffff",
          "#f2efe8",
          "#744662",
          "#44293a",
          "#494138"
        ]
      },
      {
        "name": "bootstrap-3",
        "title": "Bootstrap 3",
        "palette": [
            "#ffffff",
            "#f5f5f5",
            "#337ab7",
            "#23527c",
            "#333333"
        ]
      },
      {
        "name": "bootstrap-3-dark",
        "title": "Bootstrap 3 Dark",
        "icon": "moon",
        "palette": [
            "#000000",
            "#222222",
            "#337ab7",
            "#23527c",
            "#ffffff"
        ]
      }
    ]
  },
  {
    "name": "material",
    "title": "Material",
    "primary": "#3f51b5",
    "swatches": [
      {
        "name": "material-main",
        "title": "Main",
        "palette": [
          "#ffffff",
          "#e0e0e0",
          "#3f51b5",
          "#e91e63",
          "#252525"
        ]
      },
      {
        "name": "material-main-dark",
        "title": "Main Dark",
        "icon": "moon",
        "palette": [
          "#121212",
          "#212121",
          "#3f51b5",
          "#e91e63",
          "#ffffff"
        ]
      },
      {
        "name": "material-lime-dark",
        "title": "Lime Dark",
        "palette": [
          "#121212",
          "#212121",
          "#cddc39",
          "#03a9f4",
          "#ffffff"
        ]
      },
      {
        "name": "material-nova",
        "title": "Nova",
        "palette": [
          "#ffffff",
          "#e0e0e0",
          "#e91e63",
          "#03a9f4",
          "#252525"
        ]
      },
      {
        "name": "material-arctic",
        "title": "Arctic",
        "palette": [
          "#ffffff",
          "#e0e0e0",
          "#2196f3",
          "#009688",
          "#252525"
        ]
      }
    ]
  },
  {
    "name": "classic",
    "title": "Classic",
    "primary": "#f35800",
    "swatches": [
      {
        "name": "classic-main",
        "title": "Main",
        "palette": [
          "#ffffff",
          "#f0f0f0",
          "#f35800",
          "#cc4a00",
          "#272727"
        ]
      },
      {
        "name": "classic-main-dark",
        "title": "Main Dark",
        "icon": "moon",
        "palette": [
          "#000000",
          "#101010",
          "#f35800",
          "#cc4a00",
          "#ffffff"
        ]
      },
      {
        "name": "classic-silver",
        "title": "Silver",
        "palette": [
          "#ffffff",
          "#f3f3f4",
          "#1984c8",
          "#156fa8",
          "#515967"
        ]
      },
      {
        "name": "classic-silver-dark",
        "title": "Silver Dark",
        "icon": "moon",
        "palette": [
            "#000000",
            "#131314",
            "#1984c8",
            "#156fa8",
            "#ffffff"
        ]
      },
      {
        "name": "classic-opal",
        "title": "Opal",
        "palette": [
          "#ffffff",
          "#def4fd",
          "#7bd2f6",
          "#2e4e5c",
          "#003f59"
        ]
      },
      {
        "name": "classic-opal-dark",
        "title": "Opal Dark",
        "icon": "moon",
        "palette": [
          "#000000",
          "#1e242d",
          "#7bd2f6",
          "#2e4e5c",
          "#ffffff"
        ]
      },
      {
        "name": "classic-moonlight",
        "title": "Moonlight",
        "palette": [
            "#1f2a35",
            "#303742",
            "#f4af03",
            "#ffb700",
            "#ffffff"
        ]
      },
      {
        "name": "classic-uniform",
        "title": "Uniform",
        "palette": [
            "#ffffff",
            "#f0f0f0",
            "#818181",
            "#cc4a00",
            "#272727"
        ]
      },
      {
        "name": "classic-lavender",
        "title": "Lavender",
        "palette": [
            "#ffffff",
            "#fafafa",
            "#9e5da9",
            "#77467f",
            "#121212"
        ]
      },
      {
        "name": "classic-lavender-dark",
        "title": "Lavender Dark",
        "icon": "moon",
        "palette": [
            "#000000",
            "#1b141a",
            "#a4008c",
            "#ff40e3",
            "#ffffff"
        ]
      },
      {
        "name": "classic-metro",
        "title": "Metro",
        "palette": [
            "#ffffff",
            "#f9f9f9",
            "#618000",
            "#4e6900",
            "#000000"
        ]
      },
      {
        "name": "classic-metro-dark",
        "title": "Metro Dark",
        "icon": "moon",
        "palette": [
            "#000000",
            "#0e0e0e",
            "#008381",
            "#00a7a5",
            "#ffffff"
        ]
      },
      {
        "name": "classic-green",
        "title": "Green",
        "palette": [
            "#ffffff",
            "#f3f4f3",
            "#3ea44e",
            "#348a42",
            "#272727"
        ]
      },
      {
        "name": "classic-green-dark",
        "title": "Green Dark",
        "icon": "moon",
        "palette": [
            "#000000",
            "#131413",
            "#3ea44e",
            "#348a42",
            "#ffffff"
        ]
      }
    ]
  },
  {
    "name": "fluent",
    "title": "Fluent",
    "primary": "#0078d4",
    "palette": [
      "#FFFFFF",
      "#FFFFFF",
      "#0078D4",
      "#0078D4",
      "#323130"
    ],
    "swatches": [
      {
        "name": "fluent-main",
        "title": "Main",
        "palette": [
          "#FFFFFF",
          "#FFFFFF",
          "#0078D4",
          "#0078D4",
          "#323130"
        ]
      }
    ]
  }
]